"Timestamp","Level of study","Age","Country","Gender","WIFI condition","Classroom Condition","Toilet Condition","Library condition, resources and collection","Work space condition","Subject has enough hands on","Course content is up to date","Course content is industry relevant","Administrator is responsive","Support staff is timely","Academic staff has established good support with students"
"2019/03/28 2:37:01 AM GMT+8","Postgraduate Student","25","Malaysia","Male","5","5","5","5","4","3","3","3","4","4","5"
"2019/03/28 6:03:26 AM GMT+8","Postgraduate Student","56","Malaysia","Male","4","3","3","3","3","4","4","4","3","3","3"
"2019/03/28 7:47:43 AM GMT+8","Postgraduate Student","23","India","Male","3","4","3","4","5","4","4","4","4","3","5"
"2019/03/28 3:33:05 PM GMT+8","Postgraduate Student","25","malaysia","Male","5","5","5","5","4","3","3","3","4","3","5"
"2019/03/28 3:34:45 PM GMT+8","Postgraduate Student","56","Malaysia","Male","4","3","3","4","4","4","4","4","4","4","3"
"2019/04/12 3:57:37 PM GMT+8","Undergraduate Student","23","Malaysia","Male","3","4","5","4","4","4","3","3","4","4","4"
"2019/04/12 3:58:30 PM GMT+8","Undergraduate Student","22","Malaysia","Female","5","4","4","3","3","5","5","5","4","4","4"
"2019/04/12 3:59:16 PM GMT+8","Undergraduate Student","21","Malaysia","Male","2","3","3","3","3","3","3","3","4","3","3"
"2019/04/12 4:00:09 PM GMT+8","Undergraduate Student","22","Malaysia","Male","4","4","5","5","5","4","3","4","2","2","3"
"2019/04/12 4:00:59 PM GMT+8","Undergraduate Student","24","MALAYSIA","Male","2","4","4","3","3","3","3","3","3","3","3"
"2019/04/12 4:01:48 PM GMT+8","Undergraduate Student","23","Malaysia","Male","4","4","4","5","5","3","3","4","4","4","4"
"2019/04/12 4:02:32 PM GMT+8","Postgraduate Student","34","Malaysia","Male","4","4","3","4","4","4","4","4","4","4","4"
"2019/04/12 4:03:12 PM GMT+8","Postgraduate Student","30","Malaysia","Female","4","4","4","4","4","4","4","4","4","4","4"
"2019/04/12 4:03:57 PM GMT+8","Postgraduate Student","25","Malaysia","Male","4","4","5","4","4","4","4","4","5","5","5"
"2019/04/12 4:04:42 PM GMT+8","Postgraduate Student","26","Malaysia","Female","5","4","4","4","5","4","4","4","4","4","4"
"2019/04/12 4:05:27 PM GMT+8","Postgraduate Student","60","Malaysia","Male","5","5","5","5","5","5","5","5","4","4","4"
"2019/04/12 4:06:02 PM GMT+8","Postgraduate Student","35","Malaysia","Male","5","5","4","4","4","4","4","4","5","4","5"
"2019/04/12 4:06:48 PM GMT+8","Postgraduate Student","26","Malaysia","Male","4","5","4","4","5","3","4","4","5","4","5"
"2019/04/12 4:07:30 PM GMT+8","Postgraduate Student","26","Malaysia","Female","5","5","5","5","5","5","5","5","5","5","5"
"2019/04/12 4:08:11 PM GMT+8","Undergraduate Student","24","Malaysia","Male","4","4","5","4","4","4","3","3","4","4","5"
"2019/04/15 12:41:55 PM GMT+8","Postgraduate Student","31","MALAYSIA","Male","4","4","4","4","4","5","5","5","4","4","4"
"2019/04/15 12:42:42 PM GMT+8","Postgraduate Student","28","Malaysia","Male","4","3","3","4","4","4","4","4","4","4","5"
"2019/04/15 12:43:20 PM GMT+8","Postgraduate Student","27","Malaysia","Male","4","4","4","4","4","5","4","4","4","4","4"
"2019/04/15 12:43:59 PM GMT+8","Postgraduate Student","41","Malaysia","Male","4","4","4","4","5","4","4","4","4","5","4"
"2019/04/15 12:44:59 PM GMT+8","Postgraduate Student","28","Algeria","Male","4","3","4","3","4","3","4","3","4","3","4"
"2019/04/15 12:45:42 PM GMT+8","Postgraduate Student","26","Syria","Female","4","4","4","4","4","4","5","4","4","5","4"
"2019/04/15 12:46:17 PM GMT+8","Postgraduate Student","27","India","Male","4","4","4","4","3","4","4","4","4","4","4"
"2019/04/15 12:46:54 PM GMT+8","Postgraduate Student","28","Algeria","Male","4","4","4","4","4","4","4","4","4","4","4"
"2019/04/15 12:47:45 PM GMT+8","Postgraduate Student","28","Malaysia","Male","4","5","4","4","4","4","4","4","4","4","5"
"2019/04/15 12:48:26 PM GMT+8","Undergraduate Student","23","Malaysia","Female","4","4","4","4","4","4","4","4","4","3","3"